label,zcr,cent,mfcc_1,mfcc_2,mfcc_3,mfcc_4,mfcc_5,mfcc_6,mfcc_7,mfcc_8,mfcc_9,mfcc_10
kick,0.013133081896551725,1029.8850471437938,-496.6874694824219,39.8228874206543,24.141447067260742,30.057628631591797,23.299177169799805,21.504079818725586,19.540796279907227,17.939435958862305,14.063239097595215,12.514103889465332
kick,0.011078933189655173,984.7879514471601,-524.8528442382812,35.44098663330078,26.593551635742188,28.747438430786133,22.11622428894043,21.799203872680664,20.025588989257812,18.12864112854004,14.210822105407715,13.734689712524414
kick,0.02038433908045977,1374.5650607285384,-502.23028564453125,33.8248291015625,24.034589767456055,26.341136932373047,20.781784057617188,19.696016311645508,17.205509185791016,14.027266502380371,11.985316276550293,12.424646377563477
kick,0.022752783764367818,943.2305864277707,-529.6902465820312,43.381103515625,24.74248504638672,18.481250762939453,13.198862075805664,13.392499923706055,11.158628463745117,7.644504547119141,4.0203657150268555,1.942018747329712
kick,0.03374191810344827,1621.88448531831,-501.61431884765625,46.3292350769043,19.28961753845215,20.226709365844727,16.31247901916504,16.710201263427734,13.082326889038086,12.521350860595703,8.633506774902344,7.857179164886475
kick,0.0054103807471264365,739.0054405010529,-484.9214782714844,39.72301483154297,23.328968048095703,33.995784759521484,26.64971351623535,24.319538116455078,26.367826461791992,22.44730567932129,19.033140182495117,18.116485595703125
kick,0.02138335129310345,1236.8312342765335,-493.95928955078125,35.42902374267578,22.820415496826172,27.602272033691406,22.49308204650879,20.092981338500977,19.119464874267578,16.49237060546875,13.499856948852539,13.902838706970215
kick,0.021675197557471264,1269.8272140424979,-453.8096618652344,27.185321807861328,13.047396659851074,15.515130043029785,12.790863037109375,12.501036643981934,12.089516639709473,10.766465187072754,8.30774974822998,6.602117538452148
kick,0.02963923311781609,1156.6338548331544,-449.1269836425781,23.33167839050293,8.791289329528809,14.840270042419434,8.209237098693848,9.530768394470215,9.34490966796875,8.0811767578125,7.548691272735596,9.169962882995605
kick,0.018397539511494254,670.26841365345,-532.8272705078125,31.943408966064453,17.710817337036133,12.833717346191406,9.84970760345459,9.167211532592773,6.307710647583008,5.406599044799805,4.609918594360352,4.172146797180176
kick,0.019828708692528736,1452.7651676074895,-464.31219482421875,29.446609497070312,13.67041015625,17.02511978149414,12.254228591918945,11.775856018066406,9.561254501342773,6.9707746505737305,6.160937786102295,6.363698482513428
kick,0.028382049209770114,1102.9538710699862,-514.590087890625,36.38908767700195,11.064722061157227,14.526137351989746,9.980754852294922,11.139951705932617,9.794499397277832,9.257381439208984,6.619726657867432,6.029055595397949
kick,0.016674524066091954,1302.6924452267872,-511.44427490234375,31.527742385864258,21.990869522094727,26.853055953979492,20.413503646850586,20.24855613708496,17.844202041625977,16.856420516967773,14.555432319641113,12.483360290527344
kick,0.037384383979885055,1717.2059111437295,-522.3021850585938,30.121557235717773,16.34286117553711,22.011863708496094,13.943570137023926,15.210235595703125,15.124573707580566,11.965436935424805,10.354646682739258,7.907115936279297
kick,0.01696075790229885,906.5637004610444,-537.4076538085938,29.824848175048828,18.296661376953125,21.677265167236328,16.876102447509766,14.519207000732422,13.38632583618164,11.754338264465332,8.237619400024414,6.439295768737793
kick,0.021282327586206896,1143.3514576911348,-464.70147705078125,41.93339920043945,23.853290557861328,22.214977264404297,15.765466690063477,14.70419979095459,9.725793838500977,8.174802780151367,5.088351726531982,3.3387832641601562
kick,0.020951194324712645,1312.9567467038933,-509.606201171875,33.266204833984375,22.309724807739258,26.45564842224121,19.994794845581055,19.876367568969727,19.35638999938965,15.38935661315918,12.121542930603027,11.463751792907715
kick,0.01440149066091954,1195.2913858547292,-500.34210205078125,32.899925231933594,19.64390754699707,26.68834114074707,20.769229888916016,21.007518768310547,18.681503295898438,17.322708129882812,15.727416038513184,14.155196189880371
kick,0.020193516522988505,1126.830904761458,-483.0286560058594,23.820310592651367,12.619962692260742,14.627396583557129,10.689401626586914,10.733981132507324,9.807230949401855,8.281908988952637,6.777353763580322,6.431685447692871
kick,0.02319616558908046,1485.646855242628,-449.29296875,26.05898094177246,13.255216598510742,18.491783142089844,11.475266456604004,12.96564769744873,11.790548324584961,9.880823135375977,7.601138114929199,9.324298858642578
kick,0.02442528735632184,1099.7650555744117,-478.66046142578125,19.722768783569336,10.791072845458984,10.719280242919922,9.320046424865723,10.068734169006348,8.052252769470215,6.223269939422607,5.468501091003418,5.306491851806641
kick,0.031227550287356323,1702.3451064075061,-499.4154968261719,31.28772735595703,14.974615097045898,22.590700149536133,16.18648910522461,14.632248878479004,15.802109718322754,13.655333518981934,12.243934631347656,11.90212345123291
kick,0.018217941810344827,1015.2083928153747,-482.1310119628906,43.985626220703125,26.6569766998291,29.00722312927246,23.00100326538086,21.39995574951172,16.02239418029785,12.818559646606445,9.478235244750977,8.009531021118164
kick,0.04066765445402299,1098.7136774622202,-476.9222717285156,36.18258285522461,7.697003364562988,7.410040378570557,5.687467575073242,9.729416847229004,7.816270351409912,5.447624206542969,3.6837148666381836,4.080340385437012
kick,0.0072175826149425285,801.1551954905332,-490.0620422363281,37.270565032958984,22.247041702270508,28.970977783203125,23.809368133544922,22.591060638427734,20.394697189331055,19.746931076049805,18.754295349121094,16.779932022094727
kick,0.016646461925287355,1317.9466472628937,-493.1184997558594,34.16578674316406,22.926191329956055,26.031906127929688,21.182668685913086,20.09014892578125,18.83309555053711,15.97339153289795,13.070196151733398,12.575478553771973
kick,0.012195806393678161,1013.3859658652108,-505.1611022949219,36.435733795166016,25.853975296020508,29.91064453125,23.723634719848633,23.0123348236084,21.48133659362793,20.348434448242188,17.395170211791992,15.663252830505371
kick,0.01915521731321839,1264.2674959602546,-504.23602294921875,33.73533248901367,22.21917152404785,28.82807731628418,21.59258460998535,20.70326805114746,20.87694549560547,17.36277198791504,13.82778263092041,13.568989753723145
kick,0.03040813577586207,1494.695124409084,-462.2415466308594,23.550018310546875,11.211488723754883,17.141399383544922,9.932424545288086,11.088990211486816,11.157093048095703,9.437357902526855,8.339613914489746,9.480729103088379
kick,0.022696659482758622,1484.2211994789134,-512.4421997070312,34.32308578491211,15.354852676391602,25.62640953063965,18.371450424194336,15.675503730773926,18.497421264648438,15.225969314575195,12.881245613098145,13.265188217163086
kick,0.010512077945402298,743.586410925406,-433.6845397949219,61.864498138427734,24.82718849182129,26.11836051940918,19.258140563964844,16.27398109436035,14.211125373840332,13.488741874694824,10.162081718444824,8.509125709533691
kick,0.042609554597701146,1305.1608987926609,-506.5789794921875,34.689796447753906,12.577802658081055,20.025123596191406,13.173890113830566,11.981972694396973,9.276366233825684,9.181602478027344,6.441587448120117,5.345862865447998
kick,0.01098913433908046,1047.2577091841988,-483.7933654785156,37.33297348022461,22.960073471069336,23.547441482543945,17.033885955810547,15.918457984924316,12.18083381652832,9.847028732299805,6.9001688957214355,5.289717674255371
kick,0.03856299389367816,1778.56307009755,-492.997314453125,37.584571838378906,13.791997909545898,16.36433982849121,12.530437469482422,12.892718315124512,10.610209465026855,9.352357864379883,7.408088207244873,6.38198184967041
kick,0.022517061781609195,1342.280928589043,-520.2311401367188,33.8336181640625,23.75200080871582,29.231395721435547,20.91238021850586,20.977109909057617,19.996967315673828,15.551180839538574,12.401102066040039,12.236750602722168
kick,0.026776894755747127,1275.137548548034,-455.2519226074219,20.54008674621582,10.154550552368164,15.366975784301758,9.029897689819336,9.886548042297363,9.551974296569824,7.806758403778076,7.148516654968262,8.437843322753906
kick,0.010175332255747127,864.2846249921234,-456.9550476074219,38.783348083496094,20.03324317932129,21.014604568481445,15.609787940979004,13.968579292297363,10.631604194641113,8.09257984161377,5.338479518890381,4.408905029296875
kick,0.005887437140804598,409.2181180999345,-455.1634826660156,56.741798400878906,29.524076461791992,29.637022018432617,21.816877365112305,19.395479202270508,17.614355087280273,16.34537124633789,14.005712509155273,12.319125175476074
kick,0.015591325431034482,825.1019692650403,-466.1427307128906,19.044923782348633,10.662591934204102,15.688940048217773,11.832560539245605,10.581426620483398,10.958455085754395,9.273550987243652,7.04957389831543,6.408512592315674
kick,0.017499551005747127,1212.6308373064403,-494.0974426269531,34.41798400878906,20.87035369873047,28.1701602935791,22.621797561645508,20.324678421020508,21.064865112304688,19.298734664916992,15.822319984436035,14.147534370422363
snare,0.07635708512931035,1711.9194578956594,-486.4429626464844,63.751747131347656,-2.791041135787964,0.8327396512031555,-9.98511791229248,-8.360450744628906,-13.43830680847168,-6.754428863525391,-6.93086051940918,-6.126870155334473
snare,0.07022270114942529,2378.328193588305,-490.16949462890625,64.69197082519531,22.55716896057129,9.220388412475586,-9.788814544677734,-5.290101051330566,-6.493973731994629,-1.0982286930084229,-2.070389747619629,-1.4769279956817627
snare,0.06533988864942529,1680.1138901718616,-470.4632873535156,68.60224914550781,-17.86005210876465,-24.705541610717773,-30.996545791625977,-10.287086486816406,-9.686423301696777,-3.9773125648498535,-2.1516647338867188,-2.001164197921753
snare,0.2440227640086207,3795.4002584907835,-517.1466674804688,30.283018112182617,-2.8928093910217285,-0.3680708110332489,-4.896378517150879,1.8855985403060913,-1.9263639450073242,-6.478564739227295,-11.592743873596191,-3.33803653717041
snare,0.034942977729885055,1286.2377137612375,-488.358154296875,39.10610580444336,12.755624771118164,17.440025329589844,3.076561212539673,1.2927147150039673,-5.1010966300964355,-3.4163761138916016,-7.429729461669922,-9.951254844665527
snare,0.21330594468390804,3643.382609907321,-470.02203369140625,44.690860748291016,8.148058891296387,9.718040466308594,-0.2945703864097595,1.6410332918167114,-3.266167402267456,0.7558171153068542,-4.693615913391113,-3.178480863571167
snare,0.07266410739942529,1896.88791140009,-481.7324523925781,53.217105865478516,5.744554042816162,5.991968631744385,-6.852349758148193,-1.2633851766586304,-6.190897464752197,-4.830480098724365,-6.938352584838867,-3.3587615489959717
snare,0.0677869073275862,1621.1114486431713,-528.5578002929688,60.255123138427734,2.447453737258911,5.531584739685059,-9.175707817077637,-8.731622695922852,-12.474142074584961,-7.362546920776367,-8.609846115112305,-8.705286026000977
snare,0.06114740481321839,2536.865797921473,-433.3703308105469,58.42571258544922,23.158924102783203,23.44050407409668,-1.2548975944519043,-4.636363983154297,-13.856748580932617,-8.608877182006836,-8.480859756469727,-6.699055194854736
snare,0.32181663074712646,4624.668829877498,-454.2626037597656,24.194503784179688,6.540709972381592,0.6607232093811035,-5.955960750579834,-0.07366237789392471,-3.189450263977051,-1.7329298257827759,-4.819118976593018,-2.308150291442871
snare,0.06546897449712644,1714.840291422558,-451.73779296875,38.56245422363281,13.212809562683105,12.552505493164062,1.8533731698989868,4.60791015625,-5.114649772644043,-5.474170207977295,-9.770278930664062,-5.668720722198486
snare,0.16326553520114942,3683.946039024001,-536.511962890625,11.500288009643555,13.697375297546387,26.061613082885742,7.710766315460205,10.428297996520996,5.396124362945557,4.245862007141113,0.44874683022499084,4.207696914672852
snare,0.05419921875,2774.8205248323725,-409.0722961425781,28.840940475463867,14.625027656555176,25.833545684814453,15.801400184631348,15.097301483154297,7.200347423553467,6.067779064178467,1.2962300777435303,2.3784992694854736
snare,0.07851786997126436,3182.2453670346213,-394.3695373535156,38.551544189453125,11.780023574829102,22.47118377685547,1.2491995096206665,4.614068984985352,-5.0853190422058105,-1.1462205648422241,-5.560921669006348,-0.9335051774978638
snare,0.09001773527298851,2252.3094098855076,-529.3878173828125,43.531105041503906,11.454548835754395,11.212000846862793,-1.5712792873382568,1.7160437107086182,-4.558550834655762,-4.039103984832764,-6.351844310760498,-3.456728219985962
snare,0.07094670438218391,2117.006301554123,-501.4561767578125,56.87379455566406,10.166481971740723,11.100752830505371,-4.216592311859131,-4.153536319732666,-6.30610466003418,-3.099260091781616,-5.4812822341918945,-7.544033050537109
snare,0.09941855244252873,2033.2456023020618,-514.3069458007812,38.09437942504883,-37.424591064453125,-31.095237731933594,-21.83329200744629,-0.326301246881485,-2.873291015625,-0.43069618940353394,-3.5779011249542236,1.4087411165237427
snare,0.07094109195402298,2639.098809278886,-501.58746337890625,54.56021499633789,16.93427085876465,19.770845413208008,3.7635743618011475,5.1919426918029785,-3.093912363052368,-3.385502576828003,-8.549857139587402,-7.264350414276123
snare,0.06731546336206896,2373.140480294,-501.4104309082031,58.936058044433594,22.96473503112793,16.480566024780273,3.378373146057129,5.4775776863098145,0.5007151961326599,-0.8454836010932922,-4.361446857452393,-4.059617519378662
snare,0.059014682112068964,1850.4910341951315,-423.7472229003906,43.27043914794922,13.184441566467285,12.734892845153809,-2.2177200317382812,1.8259544372558594,-4.445709705352783,-3.734478712081909,-9.544231414794922,-7.505086421966553
snare,0.19426858836206898,3601.3705362032274,-475.40032958984375,33.55415725708008,3.491612672805786,-0.9271826148033142,-7.334413528442383,-0.4048087000846863,-3.9696826934814453,-2.1540894508361816,-4.196162700653076,-2.2738025188446045
snare,0.07447692169540229,2454.798242506718,-487.0575256347656,52.566593170166016,14.295098304748535,13.163039207458496,-1.695914387702942,6.329643726348877,-1.4977848529815674,-0.06925830990076065,-6.396224021911621,-5.538335800170898
snare,0.062292340158045974,1730.2824153727597,-479.1694641113281,33.303260803222656,10.499649047851562,16.11025619506836,2.296196699142456,8.096155166625977,-0.08252467960119247,0.7114027142524719,-5.913735389709473,-7.137720584869385
snare,0.08120061063218391,2562.669785092433,-540.182373046875,46.29081726074219,16.523731231689453,13.141691207885742,-3.172407388687134,0.36386582255363464,-3.873478412628174,-2.5983622074127197,-6.745612621307373,-7.3386454582214355
snare,0.08646506824712644,3037.1310443520592,-411.5001220703125,32.41520690917969,23.251129150390625,23.392765045166016,7.2093729972839355,9.357571601867676,-1.4086867570877075,-1.7586382627487183,-4.803950786590576,-3.5578525066375732
snare,0.0395788433908046,1979.0155910451517,-488.920654296875,51.883872985839844,10.547954559326172,10.909945487976074,-4.483637809753418,-4.8371453285217285,-10.511258125305176,-9.986653327941895,-9.802827835083008,-7.333392143249512
snare,0.25352460488505746,4261.139089367071,-474.901123046875,25.95171546936035,6.803718566894531,5.9393134117126465,-0.8010045886039734,3.1683566570281982,-2.2126762866973877,-2.5717551708221436,-4.764284610748291,-3.8486692905426025
snare,0.06968952047413793,1772.1354003759377,-437.8041076660156,40.59945297241211,11.6722412109375,7.015462875366211,-4.4713664054870605,-0.2902607023715973,-6.232213020324707,-5.879027843475342,-11.585851669311523,-5.047026634216309
snare,0.07532439834770115,1798.467462700098,-472.51361083984375,58.72129821777344,7.127678394317627,11.044693946838379,-3.6415107250213623,4.018526077270508,0.42641088366508484,2.3539249897003174,-0.18517430126667023,1.2933754920959473
snare,0.08597678699712644,2891.2595106046133,-480.1708068847656,37.69284439086914,14.898715019226074,24.66341781616211,11.014655113220215,11.953086853027344,4.024164199829102,3.4827330112457275,-2.352857828140259,-1.62760329246521
snare,0.07321973778735633,2495.1921683202127,-504.0700988769531,51.19480895996094,17.29517364501953,24.312488555908203,5.128378868103027,7.754909515380859,-2.2469594478607178,1.3662644624710083,-1.036281704902649,-1.3607444763183594
snare,0.19869679418103448,3826.0372403070446,-480.2179870605469,34.65076446533203,8.328194618225098,8.342830657958984,-5.63800573348999,0.6981699466705322,-3.2906198501586914,-0.3472975492477417,-3.891123056411743,-0.7946849465370178
snare,0.05176342492816092,1598.7997603533518,-486.5693359375,51.86870193481445,6.939462184906006,8.902551651000977,1.637252926826477,3.7039973735809326,-4.061919689178467,-0.34076979756355286,-0.8245769739151001,1.0333664417266846
snare,0.07351158405172414,2195.9108979322073,-473.4132995605469,67.56285858154297,4.691454887390137,3.1251564025878906,-11.411728858947754,-7.948063373565674,-11.089337348937988,-6.436155319213867,-6.1363630294799805,-4.812764644622803
snare,0.07979189116379311,2366.8827508230966,-520.2157592773438,62.588077545166016,9.462239265441895,7.542879581451416,-8.47519588470459,1.092030644416809,-2.2430307865142822,-1.8615820407867432,-8.362268447875977,-5.070168495178223
snare,0.05469311242816092,2473.9095929234927,-476.9345397949219,43.571449279785156,18.84427833557129,23.759366989135742,11.38531494140625,12.255496978759766,1.9800101518630981,-2.749659538269043,-7.725564002990723,-6.705804824829102
snare,0.10119207974137931,2877.16445597742,-514.33447265625,58.8325309753418,12.111915588378906,14.42861557006836,-2.7499375343322754,-0.09747314453125,-7.551794528961182,-6.985531330108643,-9.577054023742676,-6.956346035003662
snare,0.055046695402298854,1665.438902751572,-491.9735107421875,42.0474853515625,11.388769149780273,17.863380432128906,5.933852672576904,9.460783958435059,-0.5046337246894836,-3.463724136352539,-6.636003017425537,-2.9070146083831787
snare,0.06848284841954023,1903.7530255809295,-469.55914306640625,60.24000930786133,-2.9431068897247314,-13.093324661254883,-38.78987503051758,-21.986026763916016,-17.646625518798828,-4.732635021209717,-3.649909257888794,-1.6937967538833618
snare,0.04239628232758621,1451.0214538564844,-480.90313720703125,41.764251708984375,12.001547813415527,12.981043815612793,2.0816545486450195,3.1157429218292236,-3.6775217056274414,-4.157011032104492,-3.8451762199401855,-2.271796464920044
tom,0.053009383979885055,1879.7225680594431,-503.2342529296875,43.529441833496094,14.368831634521484,6.092562198638916,-4.963164329528809,0.35712313652038574,-2.1355278491973877,-0.6024407744407654,-3.909990072250366,-3.5407543182373047
tom,0.026103403376436782,992.7224441900673,-461.9737854003906,39.309696197509766,14.37421703338623,12.435925483703613,1.6166187524795532,1.5430257320404053,-2.1330320835113525,-1.978601336479187,-6.255568981170654,-4.722058296203613
tom,0.028129489942528736,1900.9023449072888,-475.34625244140625,53.35835266113281,28.253644943237305,34.37592697143555,20.314594268798828,19.269023895263672,13.752262115478516,10.630188941955566,4.375067234039307,1.1889314651489258
tom,0.042671291307471264,1382.590808426692,-522.229736328125,46.276668548583984,10.41332721710205,1.970672607421875,-5.257059097290039,-3.5543885231018066,-6.293415546417236,-5.338926792144775,-5.950305938720703,-4.306151866912842
tom,0.023953843390804596,1330.3282639686788,-506.0165710449219,15.836405754089355,12.645320892333984,19.044588088989258,5.9192399978637695,5.418846130371094,0.23502928018569946,-2.062246561050415,-5.117450714111328,-3.7387583255767822
tom,0.012785111350574713,1208.2102238370649,-452.1429138183594,48.79755401611328,27.415956497192383,30.466569900512695,21.26934814453125,22.291797637939453,16.335521697998047,12.154058456420898,7.070550441741943,3.884732961654663
tom,0.022556348778735632,1092.0910296854772,-459.5815734863281,35.9415283203125,12.829119682312012,12.371068954467773,5.612889289855957,8.697988510131836,5.203207969665527,2.6786913871765137,-2.0018107891082764,-1.7226836681365967
tom,0.01697198275862069,1351.7751889016308,-476.248291015625,32.678558349609375,10.095465660095215,18.571714401245117,11.499478340148926,12.267452239990234,8.030928611755371,5.592450141906738,0.9147268533706665,0.17432288825511932
tom,0.011887122844827586,745.8353535994432,-466.5859375,58.44557189941406,33.22306442260742,25.860471725463867,19.635929107666016,18.01028060913086,13.513726234436035,11.24796199798584,7.578734874725342,5.390469074249268
tom,0.03886606501436782,2009.0814536299454,-472.00970458984375,46.388465881347656,24.21148681640625,23.115007400512695,11.865091323852539,14.179889678955078,8.835540771484375,4.162264347076416,0.1044253557920456,-2.7765426635742188
tom,0.023280352011494254,1484.0965336125842,-462.9700927734375,29.094804763793945,11.386609077453613,12.502018928527832,7.030914783477783,9.025238037109375,5.7880754470825195,3.6262502670288086,-0.7798265218734741,-1.0706945657730103
tom,0.020603223778735632,1081.4890498494417,-464.86224365234375,28.87688636779785,13.122036933898926,12.988149642944336,6.114992141723633,8.996862411499023,6.038924217224121,3.1150550842285156,-1.0020020008087158,-2.3209736347198486
tom,0.028006016522988505,1492.704552086825,-526.0574951171875,15.125816345214844,14.260930061340332,26.69182777404785,10.059979438781738,9.021090507507324,3.4692726135253906,0.2794865369796753,-3.124014377593994,-2.699411392211914
tom,0.0339495779454023,1486.3633854108282,-436.6394958496094,75.79428100585938,22.433320999145508,22.524280548095703,6.151520252227783,5.128963947296143,-2.407458543777466,-1.0978301763534546,-3.524609327316284,-4.849643707275391
tom,0.014188218390804598,1352.339021721595,-405.7287292480469,58.4097900390625,33.41425323486328,43.481510162353516,26.475948333740234,27.804990768432617,19.21985626220703,18.805904388427734,12.22770881652832,10.413671493530273
tom,0.011943247126436782,855.2363468001238,-474.95684814453125,42.321739196777344,14.358476638793945,21.838743209838867,13.52614688873291,14.036054611206055,10.811731338500977,10.166666984558105,6.732023239135742,5.622931003570557
tom,0.019991469109195404,1140.8553354092112,-480.3836975097656,17.615615844726562,19.27833366394043,25.220399856567383,10.748333930969238,12.241067886352539,5.095566749572754,2.7553937435150146,-1.123409390449524,-2.701674222946167
tom,0.011286593031609195,1135.9909537409956,-450.2989807128906,64.92546844482422,36.82714080810547,33.937408447265625,20.5519962310791,22.63553237915039,16.77779769897461,12.127519607543945,8.08467960357666,4.658452033996582
tom,0.02905554058908046,1659.882969526038,-497.7486572265625,32.94718551635742,9.394657135009766,12.631805419921875,5.342082977294922,7.332141876220703,4.43222188949585,1.072409987449646,-2.5723235607147217,-3.4110209941864014
tom,0.01220703125,1245.112389788885,-443.17120361328125,56.77028274536133,33.89352798461914,43.417457580566406,28.86571502685547,27.88336753845215,18.75004005432129,16.67749786376953,9.268316268920898,6.668967247009277
tom,0.01756128771551724,1246.9037793816358,-493.1654968261719,23.594213485717773,17.560867309570312,26.020620346069336,11.769025802612305,11.577455520629883,4.131368160247803,2.4643309116363525,-3.5406763553619385,-3.219416379928589
tom,0.010826373922413793,863.8036807161377,-427.9708251953125,56.093658447265625,35.2386589050293,40.74399948120117,25.66793441772461,24.934940338134766,20.10997772216797,18.54383087158203,14.761641502380371,12.598057746887207
tom,0.02124304058908046,1216.117906659101,-500.5565185546875,32.3736572265625,18.250690460205078,13.45957088470459,8.31721305847168,9.9627685546875,7.9854736328125,4.755248546600342,0.9677008390426636,-1.0414241552352905
tom,0.010270743534482759,1082.970694941358,-432.43499755859375,69.10739135742188,39.44866943359375,43.613040924072266,27.69976234436035,25.362079620361328,18.838375091552734,16.02600860595703,10.278130531311035,7.136713027954102
tom,0.024806932471264368,1275.1608849337947,-465.4921569824219,51.835731506347656,27.57089614868164,24.85123634338379,11.18726921081543,9.47679328918457,5.229008674621582,4.583235263824463,2.9627344608306885,2.010284900665283
tom,0.011067708333333334,822.5268021943428,-443.73590087890625,51.359901428222656,31.58196449279785,31.42304039001465,19.900379180908203,22.39383888244629,17.93370246887207,15.251420974731445,11.787919998168945,8.781779289245605
tom,0.010091145833333334,371.68116117236,-445.6623229980469,86.4146957397461,49.972660064697266,44.40462112426758,28.731557846069336,22.85977554321289,16.937721252441406,12.600646018981934,7.821689605712891,5.194272994995117
tom,0.04158248024425287,1570.215811420222,-546.7713623046875,43.091487884521484,16.52443504333496,10.112592697143555,0.061166103929281235,-0.59920334815979,-5.005756378173828,-8.122940063476562,-10.116229057312012,-6.912469863891602
tom,0.010753412356321839,374.7642657329755,-469.99163818359375,75.53219604492188,51.606239318847656,48.59251022338867,38.687156677246094,35.20216369628906,27.963319778442383,21.76396942138672,14.830163955688477,9.379087448120117
tom,0.021927756824712645,1736.482007210346,-467.7884826660156,51.62241744995117,35.37370681762695,36.74430465698242,22.231094360351562,18.8262996673584,9.893811225891113,4.889639377593994,-1.9798368215560913,-2.934645652770996
tom,0.014940283764367816,1174.3812613456125,-444.6348876953125,57.02206802368164,33.08704376220703,33.59391403198242,22.054931640625,23.820110321044922,18.025558471679688,14.99277114868164,10.658333778381348,7.246451377868652
tom,0.035436871408045974,1684.1859000798552,-456.88555908203125,69.75438690185547,31.86859893798828,19.343769073486328,-2.6176254749298096,-3.207733392715454,-12.77446460723877,-12.832677841186523,-16.152494430541992,-14.111589431762695
tom,0.015164780890804598,1123.1384461842367,-497.76397705078125,36.33009338378906,19.15359878540039,19.279958724975586,12.136611938476562,14.308218002319336,10.092583656311035,9.110763549804688,5.007761001586914,3.8808207511901855
tom,0.029807605962643677,1773.8130330156937,-491.7147216796875,45.11036682128906,25.81686019897461,25.49302864074707,12.545933723449707,11.918397903442383,4.147712707519531,0.18336836993694305,-4.191833972930908,-2.8297061920166016
tom,0.026339125359195404,1800.1325638803585,-482.7709655761719,49.34479904174805,27.762582778930664,30.16582489013672,16.573768615722656,15.817742347717285,9.002120018005371,4.504424095153809,-1.4170669317245483,-2.0975501537323
tom,0.01980625897988506,1246.1565029767976,-468.36529541015625,19.179000854492188,16.861957550048828,25.360553741455078,11.881138801574707,11.819504737854004,5.407313346862793,3.812831401824951,-1.76334810256958,-1.7214384078979492
tom,0.01526580459770115,1447.1445293809265,-458.4315185546875,54.77568435668945,35.91598129272461,41.13274383544922,26.148103713989258,24.12514305114746,14.90017318725586,10.999022483825684,2.8220629692077637,1.3149261474609375
tom,0.019963406968390805,1219.6367307133185,-488.20477294921875,39.18962478637695,11.841174125671387,16.85608673095703,6.372045993804932,5.742976665496826,3.6515004634857178,2.996415376663208,0.038348712027072906,-2.4414939880371094
tom,0.05069145114942529,1699.8003546051298,-478.7264404296875,34.00006103515625,22.3057861328125,21.869760513305664,14.001640319824219,13.140832901000977,10.491239547729492,8.772637367248535,5.689206600189209,4.4279937744140625
tom,0.020676185344827586,1416.364767274866,-432.72100830078125,61.075172424316406,22.094646453857422,39.48796081542969,17.014623641967773,15.847034454345703,5.554229736328125,4.1897759437561035,1.3072912693023682,0.4144634008407593
overhead,0.3679395653735632,4339.181812575888,-224.3806610107422,-25.952543258666992,-46.82432174682617,36.469200134277344,-26.56920623779297,10.733882904052734,-12.22793197631836,-5.921468734741211,-20.529010772705078,4.543160915374756
overhead,0.26121363146551724,3136.3215998662113,-122.4736099243164,46.73490524291992,-50.35743713378906,65.4798812866211,-22.023021697998047,6.725738048553467,-12.799226760864258,-2.3239223957061768,-15.663989067077637,2.338982582092285
overhead,0.4064239852729885,4636.552455676137,-188.58885192871094,-24.3735408782959,-29.17296600341797,18.891040802001953,-39.615440368652344,2.9942409992218018,-22.200834274291992,-3.9506025314331055,-13.870994567871094,4.1451263427734375
overhead,0.3412468570402299,4093.1395680813907,-276.7490234375,5.7420477867126465,-23.934587478637695,18.72061538696289,-41.010719299316406,-7.119809150695801,-25.65665626525879,-13.078426361083984,-12.173685073852539,12.95016860961914
overhead,0.27862899604885055,3361.49591396139,-103.34930419921875,26.28995704650879,-76.70602416992188,34.66735076904297,-40.720245361328125,-10.588186264038086,-24.955751419067383,-7.107285022735596,-11.910210609436035,-0.6484420299530029
overhead,0.27082772090517243,3346.70706584265,-132.5991973876953,37.83037185668945,-41.81269454956055,44.48727798461914,-24.45905113220215,4.041158199310303,-11.959903717041016,-8.555535316467285,-15.468204498291016,10.040754318237305
overhead,0.21944594109195403,3608.8643405999064,-475.122314453125,12.208770751953125,-15.426465034484863,38.88634490966797,-10.075206756591797,-0.3772004246711731,3.6614177227020264,-2.500605583190918,-7.669795513153076,6.817552089691162
overhead,0.3157944953304598,4003.836249137571,-173.3256378173828,-8.885427474975586,-36.66495895385742,37.407814025878906,-21.438213348388672,-5.583365440368652,-21.15317153930664,-11.577570915222168,-24.451284408569336,3.798427104949951
overhead,0.2685434626436782,3367.2145537162464,-323.175537109375,17.72939109802246,-33.01409149169922,38.52158737182617,-43.0932731628418,-15.026920318603516,-19.525373458862305,-23.975317001342773,-13.206406593322754,10.970501899719238
overhead,0.28778847880747127,3365.4653920297987,-118.173583984375,22.536659240722656,-96.54081726074219,31.169593811035156,-39.72314453125,7.130270957946777,-14.378966331481934,-1.3676944971084595,-12.800068855285645,9.53097152709961
overhead,0.3533528645833333,4234.625984682477,-219.8725128173828,-20.680740356445312,-38.56724548339844,23.07136344909668,-35.588626861572266,-9.799216270446777,-18.731761932373047,-9.609718322753906,-14.361270904541016,-11.785837173461914
overhead,0.2873394845545977,3894.942964856531,-311.7270812988281,-6.100273609161377,-38.57627487182617,38.24168395996094,-19.27902603149414,-6.119229793548584,-1.4632271528244019,-5.092535018920898,-7.573363780975342,3.8351476192474365
overhead,0.24717133620689655,3422.2075097679995,-225.2913360595703,14.861756324768066,-37.130218505859375,48.42616271972656,-14.7491455078125,0.26970037817955017,-15.721423149108887,-9.93045711517334,-8.960113525390625,8.191311836242676
overhead,0.3121576418821839,3747.7455951392353,-195.4040985107422,10.825258255004883,-47.82145309448242,19.10072135925293,-51.83232498168945,-15.433828353881836,-14.038475036621094,6.935123920440674,-2.14819598197937,1.4444239139556885
overhead,0.2597375628591954,3174.771952123148,-145.64097595214844,34.15721130371094,-52.57969665527344,46.667884826660156,-38.516143798828125,-8.289286613464355,-28.70259666442871,-22.635818481445312,-32.96941375732422,-1.9936174154281616
overhead,0.46333961925287354,5433.475395263528,-202.82144165039062,-47.27206802368164,4.243727207183838,18.38121223449707,-28.65776252746582,-11.438960075378418,-9.724105834960938,-10.298094749450684,-11.729702949523926,5.047873020172119
overhead,0.36735587284482757,4296.4577104341715,-302.4099426269531,-5.782962799072266,-33.59505081176758,0.3939987123012543,-50.93366622924805,4.065954685211182,-2.0342063903808594,15.096845626831055,-5.294240951538086,-2.3815526962280273
overhead,0.3632195132902299,4312.325533608716,-240.80606079101562,-26.136926651000977,-49.24032974243164,20.23057746887207,-46.30109405517578,-17.742799758911133,-29.52797508239746,-18.246435165405273,-18.93429946899414,-0.1324758380651474
overhead,0.21140333153735633,2863.593431326078,-353.9959411621094,47.092369079589844,-54.514530181884766,7.308969974517822,-18.40357780456543,-17.19373321533203,-17.343067169189453,-4.46750020980835,-8.150583267211914,22.401975631713867
overhead,0.4259327855603448,5081.602057013935,-152.50074768066406,-45.13913345336914,-12.345450401306152,23.61343002319336,-27.50948715209961,-14.512105941772461,-16.392898559570312,-12.904128074645996,-15.150291442871094,3.7498557567596436
overhead,0.20420258620689655,3029.3533956706524,-351.1341857910156,56.51909255981445,-44.93351364135742,10.78232192993164,-21.970264434814453,-2.5096731185913086,-20.062406539916992,-1.3904246091842651,-6.391604900360107,-1.8088352680206299
overhead,0.32690149066091956,4220.892330769725,-250.1588134765625,-35.819580078125,-75.52838134765625,-14.645838737487793,-10.328953742980957,14.779109001159668,12.146341323852539,11.58005428314209,-10.363598823547363,-5.624969482421875
overhead,0.31794405531609193,4060.680579341485,-179.2317657470703,-15.840736389160156,-42.7652587890625,30.073200225830078,-27.076642990112305,-0.982490599155426,-15.027963638305664,-13.829789161682129,-20.251174926757812,-2.3434064388275146
overhead,0.31477303340517243,3691.731940029227,-149.11936950683594,21.145610809326172,-24.18973159790039,42.13518524169922,-24.142484664916992,3.0504937171936035,-17.96337890625,-3.646226167678833,-0.5355313420295715,-1.7512850761413574
overhead,0.2751380657327586,3360.5859155419053,-242.2867889404297,14.075031280517578,-93.7422103881836,33.25959396362305,-41.117454528808594,-18.42401123046875,-22.17955780029297,-11.793561935424805,-11.186829566955566,0.19241593778133392
overhead,0.2268824084051724,3095.4565648256275,-297.9352722167969,66.10150909423828,-18.278844833374023,14.106654167175293,-20.454652786254883,2.4853219985961914,-11.142133712768555,12.426111221313477,9.466565132141113,0.7608550786972046
overhead,0.24990458872126436,3224.8393387631118,-301.6446228027344,34.272274017333984,-78.46942138671875,12.565661430358887,-33.33460998535156,-22.389726638793945,-20.047332763671875,-10.661706924438477,-5.109394073486328,12.972779273986816
overhead,0.34777411099137934,4012.380762665129,-179.78976440429688,-14.117037773132324,-77.98602294921875,28.060108184814453,-35.00953674316406,6.3648786544799805,-14.994903564453125,1.6101685762405396,-12.149965286254883,13.10612678527832
overhead,0.35180944683908044,4118.635952065537,-145.8827362060547,-12.198016166687012,-48.69927978515625,28.370891571044922,-41.94944763183594,-8.497044563293457,-21.951797485351562,0.8090136051177979,0.40386277437210083,1.3000327348709106
overhead,0.22039444145114942,3038.198976304676,-189.7095489501953,45.88026809692383,-60.408512115478516,45.296051025390625,-16.03909683227539,-2.3153436183929443,-4.763088703155518,-5.551483631134033,-7.775940418243408,3.196988105773926
overhead,0.20000448994252873,3507.636996958906,-518.4010009765625,23.75684356689453,-8.947577476501465,31.465578079223633,-4.549510955810547,5.439337730407715,2.7886857986450195,2.734788417816162,0.41026008129119873,7.9654974937438965
overhead,0.2499438757183908,3377.2697697786657,-157.39505004882812,37.16775894165039,-24.145238876342773,31.85419273376465,-28.36318016052246,-9.383516311645508,-19.349365234375,-8.737923622131348,-9.371236801147461,2.0768702030181885
overhead,0.2771192528735632,3354.3286080970815,-230.1616668701172,16.012041091918945,-94.73519134521484,34.684852600097656,-39.1016731262207,-15.728200912475586,-23.211185455322266,-10.540119171142578,-12.40903377532959,-0.3255133628845215
overhead,0.3280969378591954,3800.732967971587,-150.0398406982422,0.18978697061538696,-83.10675048828125,29.43089485168457,-36.44963073730469,8.86064338684082,-16.667510986328125,-3.860828161239624,-15.442767143249512,10.192917823791504
overhead,0.3183088631465517,3723.020241702868,-162.7661590576172,19.371999740600586,-45.053977966308594,39.64230728149414,-34.28984069824219,-2.444133996963501,-16.92682456970215,-11.042675018310547,-4.829314708709717,4.36613655090332
overhead,0.2716976472701149,3356.667431395404,-105.09664916992188,26.563064575195312,-50.130897521972656,40.176605224609375,-35.62419891357422,-15.064385414123535,-18.27471923828125,-14.645317077636719,-21.959365844726562,-3.6290953159332275
overhead,0.2916498293821839,3477.968964338547,-292.7229919433594,3.324585199356079,-88.53173065185547,34.80588150024414,-37.50700378417969,-4.728549480438232,-23.093002319335938,-10.57296371459961,-9.824136734008789,-1.474413275718689
overhead,0.33182359015804597,4024.272528383421,-131.52780151367188,-7.993233680725098,-37.637474060058594,41.98045349121094,-31.491182327270508,-0.16665729880332947,-28.66666603088379,-10.95576000213623,-19.643489837646484,0.3098294138908386
overhead,0.28209186422413796,3822.950271957723,-500.1072998046875,21.252042770385742,-1.517133355140686,25.947511672973633,-11.24759292602539,6.5818657875061035,-0.3123120367527008,1.216509461402893,4.976169109344482,4.90602445602417
overhead,0.19020519037356323,2630.7920866413224,-356.8584899902344,72.010498046875,-60.51974868774414,11.600481033325195,-8.096481323242188,13.690993309020996,-1.1284067630767822,5.734498977661133,7.200311660766602,17.562450408935547
